mean,std
516.4235294117647,271.053021792485
0.2793529411764706,0.13202292188523243
1.9741176470588235,0.8242148408068303
2.96,1.4538549162990984
2.011764705882353,0.8216785924816105
0.4999882352941177,0.23313389205839974
0.6017058823529411,0.2305952054768861
0.494964705882353,0.23377276282038972
0.9611764705882353,0.8229922617958073
26.21764705882353,14.7861913042946
51.25058823529412,28.685262145566345
